-- Data section (sorted by ID, timestamps set to NOW())

-- tournaments data (sorted by id)
INSERT INTO tournaments (id, name, sub_name, date, location, created, updated) VALUES
 (1, '第1回', 'プレ赤塚リーグ（仮）', '2021-03-28', 'ガラパゴス高田馬場店', NOW(), NOW())
 ,(2, '第2回', 'プレ赤塚リーグ（仮）', '2021-04-25', 'ガラパゴス高田馬場店', NOW(), NOW())
 ,(3, '第3回', 'プレ赤塚リーグ（仮）', '2021-05-22', '日本健康麻将協会五反田', NOW(), NOW())
 ,(4, '第4回', 'プレ赤塚リーグ（仮）', '2021-06-26', '日本健康麻将協会五反田', NOW(), NOW())
 ,(5, '第5回', 'プレ赤塚リーグ（仮）', '2021-07-25', '日本健康麻将協会五反田', NOW(), NOW())
 ,(6, '第6回', 'プレ赤塚リーグ（仮）', '2021-08-22', '日本健康麻将協会五反田', NOW(), NOW())
 ,(7, '第7回', 'コカ・コーラカップ', '2021-09-12', '日本健康麻将協会五反田', NOW(), NOW())
 ,(8, '第8回', '高坂リーグ', '2021-10-24', '日本健康麻将協会五反田', NOW(), NOW())
 ,(9, '第9回', 'ヤクルト優勝記念カップ', '2021-11-28', '日本健康麻将協会五反田', NOW(), NOW())
 ,(10, '第10回', '柏木拓本部月例優勝記念杯', '2021-12-26', '日本健康麻将協会五反田', NOW(), NOW())
 ,(11, '第11回', 'いー肉の日リーグ2022', '2022-01-29', '日本健康麻将協会五反田', NOW(), NOW())
 ,(12, '第12回', '「冬の恋人の日」記念', '2022-02-26', '日本健康麻将協会五反田', NOW(), NOW())
 ,(13, '第13回', '裏十六羅漢賽（バトルオブシックスティーンマージャング）', '2022-03-27', '日本健康麻将協会五反田', NOW(), NOW())
 ,(14, '第14回', '日本ダービー', '2022-04-24', '日本健康麻将協会五反田', NOW(), NOW())
 ,(15, '第15回', 'ストッキングの日', '2022-05-15', '日本健康麻将協会五反田', NOW(), NOW())
 ,(16, '第16回', '拷問の犠牲者を支援する国際デー記念', '2022-06-26', '日本健康麻将協会五反田', NOW(), NOW())
 ,(17, '第17回', 'ウルトラマンの日記念', '2022-07-10', '日本健康麻将協会五反田', NOW(), NOW())
 ,(18, '第18回', 'テルミンの日記念', '2022-08-28', '日本健康麻将協会五反田', NOW(), NOW())
 ,(19, '第19回', 'シン・日本選手権～Japan Cap of the truth～', '2022-09-25', '日本健康麻将協会五反田', NOW(), NOW())
 ,(20, '第20回', '赤塚修　誕辰祭2022', '2022-10-29', '日本健康麻将協会五反田', NOW(), NOW())
 ,(21, '第21回', 'ドリームキャスト発売日記念大会', '2022-11-27', '日本健康麻将協会五反田', NOW(), NOW())
 ,(22, '第22回', '赤塚リーグ2023', '2023-01-22', '日本健康麻将協会五反田', NOW(), NOW())
 ,(23, '第23回', '赤塚リーグ2023', '2023-02-26', '日本健康麻将協会五反田', NOW(), NOW())
 ,(24, '第24回', '赤塚リーグ2023', '2023-04-29', '日本健康麻将協会五反田', NOW(), NOW())
 ,(25, '第25回', '赤塚ダービー　2023', '2023-05-28', '日本健康麻将協会五反田', NOW(), NOW())
 ,(26, '第26回', '赤塚リーグ2023', '2023-06-26', '日本健康麻将協会五反田', NOW(), NOW())
 ,(27, '第27回', '隅田川花火大会をぶっ潰せ！', '2023-07-29', '日本健康麻将協会五反田', NOW(), NOW())
 ,(28, '第28回', '今回は４人だったのでトーナメント戦杯', '2023-08-27', '日本健康麻将協会五反田', NOW(), NOW())
 ,(29, '第29回', '正宗日本選手権2023', '2023-09-24', '日本健康麻将協会五反田', NOW(), NOW())
 ,(30, '第30回', '高坂英伸杯世界選手権', '2023-10-29', 'ガラパゴス高田馬場店', NOW(), NOW())
 ,(31, '第31回', '赤塚リーグ2023', '2023-11-26', '日本健康麻将協会五反田', NOW(), NOW())
 ,(32, '第32回', '赤塚リーグ2023', '2023-12-24', '日本健康麻将協会五反田', NOW(), NOW())
 ,(33, '第33回', '赤塚リーグ2024', '2024-01-28', '日本健康麻将協会五反田', NOW(), NOW())
 ,(34, '第34回', '赤塚リーグ2024', '2024-02-25', '日本健康麻将協会五反田', NOW(), NOW())
 ,(35, '第35回', '赤塚リーグ2024', '2024-03-24', '日本健康麻将協会五反田', NOW(), NOW())
 ,(36, '第36回', '赤塚リーグ2024', '2024-04-28', '日本健康麻将協会五反田', NOW(), NOW())
 ,(37, '第37回', '赤坂ドリブンズ準優勝＆半荘最高点獲得記念', '2024-05-26', '日本健康麻将協会五反田', NOW(), NOW())
 ,(38, '第38回', '明村諭プロμ-M1カップ優勝記念', '2024-06-23', '日本健康麻将協会五反田', NOW(), NOW())
 ,(39, '第39回', '赤塚リーグ2024', '2024-07-28', '日本健康麻将協会五反田', NOW(), NOW())
 ,(40, '第40回', '糸ようじの日記念', '2024-08-18', '日本健康麻将協会五反田', NOW(), NOW())
 ,(41, '第41回', 'シン・日本選手権2024', '2024-09-15', '日本健康麻将協会五反田', NOW(), NOW())
 ,(42, '第42回', '赤塚生誕記念2024', '2024-10-27', '日本健康麻将協会五反田', NOW(), NOW())
 ,(43, '第43回', '赤塚リーグ2024', '2024-11-24', '日本健康麻将協会五反田', NOW(), NOW())
 ,(44, '第44回', '赤塚リーグ2025', '2025-02-23', '日本健康麻将協会五反田', NOW(), NOW())
 ,(45, '第45回', '赤塚リーグ2025', '2025-03-29', 'ガラパゴス神保町店', NOW(), NOW())

;

-- players data (sorted by id)
INSERT INTO players (id, name, created, updated) VALUES
 (1, '土屋政士', NOW(), NOW())
 ,(2, '赤塚修', NOW(), NOW())
 ,(3, '遠藤俊晃', NOW(), NOW())
 ,(4, '左永', NOW(), NOW())
 ,(5, '柏木拓', NOW(), NOW())
 ,(6, '二萬章吾', NOW(), NOW())
 ,(7, '小林英夫', NOW(), NOW())
 ,(8, '石橋大助', NOW(), NOW())
 ,(9, '桜井紘己', NOW(), NOW())
 ,(10, '手塚ゆり', NOW(), NOW())
 ,(11, '田籠謙介', NOW(), NOW())
 ,(12, '柴崎健司', NOW(), NOW())
 ,(13, '新谷秀隆', NOW(), NOW())
 ,(14, '高坂英伸', NOW(), NOW())
 ,(15, '小松知樹', NOW(), NOW())
 ,(16, '岩沢和利', NOW(), NOW())
 ,(17, '根本卓也', NOW(), NOW())
 ,(18, '熊谷修', NOW(), NOW())
 ,(19, '佐々木孝太', NOW(), NOW())
 ,(20, '沈建波', NOW(), NOW())
 ,(21, '韓喜民', NOW(), NOW())
 ,(22, '捧健一', NOW(), NOW())
 ,(23, '河田渉', NOW(), NOW())
 ,(24, '野﨑佑磨', NOW(), NOW())
 ,(25, '鈴木たろう', NOW(), NOW())
 ,(26, '佐藤慶一', NOW(), NOW())
 ,(27, '蒋屹', NOW(), NOW())
 ,(28, '五十嵐毅', NOW(), NOW())
 ,(29, '天津みろう', NOW(), NOW())
 ,(30, '頼住和宏', NOW(), NOW())
 ,(31, '明村諭', NOW(), NOW())

;

-- sessions data (sorted by id)
INSERT INTO sessions (id, tournament_id, name) VALUES
 (1, 1, '1回戦')
 ,(2, 1, '2回戦')
 ,(3, 1, '3回戦')
 ,(4, 1, '4回戦')
 ,(5, 2, '1回戦')
 ,(6, 2, '2回戦')
 ,(7, 2, '3回戦')
 ,(8, 2, '4回戦')
 ,(9, 3, '1回戦')
 ,(10, 3, '2回戦')
 ,(11, 3, '3回戦')
 ,(12, 3, '4回戦')
 ,(13, 4, '1回戦')
 ,(14, 4, '2回戦')
 ,(15, 4, '3回戦')
 ,(16, 4, '4回戦')
 ,(17, 5, '1回戦')
 ,(18, 5, '2回戦')
 ,(19, 5, '3回戦')
 ,(20, 5, '4回戦')
 ,(21, 6, '1回戦')
 ,(22, 6, '2回戦')
 ,(23, 6, '3回戦')
 ,(24, 6, '4回戦')
 ,(25, 7, '1回戦')
 ,(26, 7, '2回戦')
 ,(27, 7, '3回戦')
 ,(28, 7, '4回戦')
 ,(29, 8, '1回戦')
 ,(30, 8, '2回戦')
 ,(31, 8, '3回戦')
 ,(32, 8, '4回戦')
 ,(33, 9, '1回戦')
 ,(34, 9, '2回戦')
 ,(35, 9, '3回戦')
 ,(36, 9, '4回戦')
 ,(37, 10, '1回戦')
 ,(38, 10, '2回戦')
 ,(39, 10, '3回戦')
 ,(40, 10, '4回戦')
 ,(41, 11, '1回戦')
 ,(42, 11, '2回戦')
 ,(43, 11, '3回戦')
 ,(44, 11, '4回戦')
 ,(45, 12, '1回戦')
 ,(46, 12, '2回戦')
 ,(47, 12, '3回戦')
 ,(48, 12, '4回戦')
 ,(49, 13, '1回戦')
 ,(50, 13, '2回戦')
 ,(51, 13, '3回戦')
 ,(52, 13, '4回戦')
 ,(53, 14, '1回戦')
 ,(54, 14, '2回戦')
 ,(55, 14, '3回戦')
 ,(56, 14, '4回戦')
 ,(57, 15, '1回戦')
 ,(58, 15, '2回戦')
 ,(59, 15, '3回戦')
 ,(60, 15, '4回戦')
 ,(61, 16, '1回戦')
 ,(62, 16, '2回戦')
 ,(63, 16, '3回戦')
 ,(64, 16, '4回戦')
 ,(65, 17, '1回戦')
 ,(66, 17, '2回戦')
 ,(67, 17, '3回戦')
 ,(68, 17, '4回戦')
 ,(69, 18, '1回戦')
 ,(70, 18, '2回戦')
 ,(71, 18, '3回戦')
 ,(72, 18, '4回戦')
 ,(73, 19, '1回戦')
 ,(74, 19, '2回戦')
 ,(75, 19, '3回戦')
 ,(76, 19, '4回戦')
 ,(77, 20, '1回戦')
 ,(78, 20, '2回戦')
 ,(79, 20, '3回戦')
 ,(80, 20, '4回戦')
 ,(81, 21, '1回戦')
 ,(82, 21, '2回戦')
 ,(83, 21, '3回戦')
 ,(84, 21, '4回戦')
 ,(85, 22, '1回戦')
 ,(86, 22, '2回戦')
 ,(87, 22, '3回戦')
 ,(88, 22, '4回戦')
 ,(89, 23, '1回戦')
 ,(90, 23, '2回戦')
 ,(91, 23, '3回戦')
 ,(92, 23, '4回戦')
 ,(93, 24, '1回戦')
 ,(94, 24, '2回戦')
 ,(95, 24, '3回戦')
 ,(96, 24, '4回戦')
 ,(97, 25, '1回戦')
 ,(98, 25, '2回戦')
 ,(99, 25, '3回戦')
 ,(100, 25, '4回戦')
 ,(101, 26, '1回戦')
 ,(102, 26, '2回戦')
 ,(103, 26, '3回戦')
 ,(104, 26, '4回戦')
 ,(105, 27, '1回戦')
 ,(106, 27, '2回戦')
 ,(107, 27, '3回戦')
 ,(108, 27, '4回戦')
 ,(109, 28, '1回戦')
 ,(110, 28, '2回戦')
 ,(111, 28, '3回戦')
 ,(112, 28, '4回戦')
 ,(113, 29, '1回戦')
 ,(114, 29, '2回戦')
 ,(115, 29, '3回戦')
 ,(116, 29, '4回戦')
 ,(117, 30, '1回戦')
 ,(118, 30, '2回戦')
 ,(119, 30, '3回戦')
 ,(120, 30, '4回戦')
 ,(121, 31, '1回戦')
 ,(122, 31, '2回戦')
 ,(123, 31, '3回戦')
 ,(124, 31, '4回戦')
 ,(125, 32, '1回戦')
 ,(126, 32, '2回戦')
 ,(127, 32, '3回戦')
 ,(128, 32, '4回戦')
 ,(129, 33, '1回戦')
 ,(130, 33, '2回戦')
 ,(131, 33, '3回戦')
 ,(132, 33, '4回戦')
 ,(133, 34, '1回戦')
 ,(134, 34, '2回戦')
 ,(135, 34, '3回戦')
 ,(136, 34, '4回戦')
 ,(137, 35, '1回戦')
 ,(138, 35, '2回戦')
 ,(139, 35, '3回戦')
 ,(140, 35, '4回戦')
 ,(141, 36, '1回戦')
 ,(142, 36, '2回戦')
 ,(143, 36, '3回戦')
 ,(144, 36, '4回戦')
 ,(145, 37, '1回戦')
 ,(146, 37, '2回戦')
 ,(147, 37, '3回戦')
 ,(148, 37, '4回戦')
 ,(149, 38, '1回戦')
 ,(150, 38, '2回戦')
 ,(151, 38, '3回戦')
 ,(152, 38, '4回戦')
 ,(153, 39, '1回戦')
 ,(154, 39, '2回戦')
 ,(155, 39, '3回戦')
 ,(156, 39, '4回戦')
 ,(157, 40, '1回戦')
 ,(158, 40, '2回戦')
 ,(159, 40, '3回戦')
 ,(160, 40, '4回戦')
 ,(161, 41, '1回戦')
 ,(162, 41, '2回戦')
 ,(163, 41, '3回戦')
 ,(164, 41, '4回戦')
 ,(165, 42, '1回戦')
 ,(166, 42, '2回戦')
 ,(167, 42, '3回戦')
 ,(168, 42, '4回戦')
 ,(169, 43, '1回戦')
 ,(170, 43, '2回戦')
 ,(171, 43, '3回戦')
 ,(172, 43, '4回戦')
 ,(173, 44, '1回戦')
 ,(174, 44, '2回戦')
 ,(175, 44, '3回戦')
 ,(176, 44, '4回戦')
 ,(177, 45, '1回戦')
 ,(178, 45, '2回戦')
 ,(179, 45, '3回戦')
 ,(180, 45, '4回戦')

;

-- games data (sorted by id)
INSERT INTO games (id, session_id, forfeit_game_point) VALUES
 (1, 1, 0)
 ,(2, 1, 0)
 ,(3, 2, 0)
 ,(4, 2, 0)
 ,(5, 3, 0)
 ,(6, 3, 0)
 ,(7, 4, 0)
 ,(8, 4, 0)
 ,(9, 5, 0)
 ,(10, 5, 0)
 ,(11, 6, 0)
 ,(12, 6, 0)
 ,(13, 7, 0)
 ,(14, 7, 0)
 ,(15, 8, 0)
 ,(16, 8, 0)
 ,(17, 9, 0)
 ,(18, 9, 0)
 ,(19, 9, 0)
 ,(20, 10, 0)
 ,(21, 10, 0)
 ,(22, 10, 0)
 ,(23, 11, 0)
 ,(24, 11, 0)
 ,(25, 11, 0)
 ,(26, 12, 0)
 ,(27, 12, 0)
 ,(28, 12, 0)
 ,(29, 13, 0)
 ,(30, 13, 0)
 ,(31, 13, 0)
 ,(32, 14, 0)
 ,(33, 14, 0)
 ,(34, 14, 0)
 ,(35, 15, 0)
 ,(36, 15, 0)
 ,(37, 15, 0)
 ,(38, 16, 0)
 ,(39, 16, 0)
 ,(40, 16, 0)
 ,(41, 17, 0)
 ,(42, 17, 0)
 ,(43, 18, 0)
 ,(44, 18, 0)
 ,(45, 19, 0)
 ,(46, 19, 0)
 ,(47, 20, 0)
 ,(48, 20, 0)
 ,(49, 21, 0)
 ,(50, 21, 0)
 ,(51, 22, 0)
 ,(52, 22, 0)
 ,(53, 23, 0)
 ,(54, 23, 0)
 ,(55, 24, 0)
 ,(56, 24, 0)
 ,(57, 25, 0)
 ,(58, 25, 0)
 ,(59, 26, 0)
 ,(60, 26, 0)
 ,(61, 27, 0)
 ,(62, 27, 0)
 ,(63, 28, 0)
 ,(64, 28, 60)
 ,(65, 29, 0)
 ,(66, 29, 0)
 ,(67, 29, 0)
 ,(68, 30, 0)
 ,(69, 30, 0)
 ,(70, 30, 0)
 ,(71, 31, 0)
 ,(72, 31, 0)
 ,(73, 31, 0)
 ,(74, 32, 0)
 ,(75, 32, 0)
 ,(76, 32, 60)
 ,(77, 33, 0)
 ,(78, 33, 0)
 ,(79, 34, 0)
 ,(80, 34, 0)
 ,(81, 35, 0)
 ,(82, 35, 0)
 ,(83, 36, 0)
 ,(84, 36, 0)
 ,(85, 37, 0)
 ,(86, 37, 0)
 ,(87, 38, 0)
 ,(88, 38, 0)
 ,(89, 39, 0)
 ,(90, 39, 0)
 ,(91, 40, 0)
 ,(92, 40, 0)
 ,(93, 41, 0)
 ,(94, 41, 0)
 ,(95, 42, 0)
 ,(96, 42, 0)
 ,(97, 43, 0)
 ,(98, 43, 0)
 ,(99, 44, 0)
 ,(100, 44, 0)
 ,(101, 45, 0)
 ,(102, 45, 0)
 ,(103, 45, 0)
 ,(104, 46, 0)
 ,(105, 46, 0)
 ,(106, 46, 0)
 ,(107, 47, 0)
 ,(108, 47, 0)
 ,(109, 47, 0)
 ,(110, 48, 0)
 ,(111, 48, 0)
 ,(112, 48, 0)
 ,(113, 49, 0)
 ,(114, 49, 0)
 ,(115, 50, 0)
 ,(116, 50, 0)
 ,(117, 51, 0)
 ,(118, 51, 0)
 ,(119, 52, 0)
 ,(120, 52, 0)
 ,(121, 53, 0)
 ,(122, 54, 0)
 ,(123, 55, 0)
 ,(124, 56, 0)
 ,(125, 57, 0)
 ,(126, 58, 0)
 ,(127, 59, 0)
 ,(128, 60, 0)
 ,(129, 61, 0)
 ,(130, 62, 0)
 ,(131, 63, 0)
 ,(132, 64, 0)
 ,(133, 65, 0)
 ,(134, 65, 0)
 ,(135, 66, 0)
 ,(136, 66, 0)
 ,(137, 67, 0)
 ,(138, 67, 0)
 ,(139, 68, 0)
 ,(140, 68, 0)
 ,(141, 69, 0)
 ,(142, 69, 0)
 ,(143, 69, 0)
 ,(144, 70, 0)
 ,(145, 70, 0)
 ,(146, 70, 0)
 ,(147, 71, 0)
 ,(148, 71, 0)
 ,(149, 71, 0)
 ,(150, 72, 0)
 ,(151, 72, 0)
 ,(152, 72, 0)
 ,(153, 73, 0)
 ,(154, 73, 0)
 ,(155, 73, 0)
 ,(156, 74, 0)
 ,(157, 74, 0)
 ,(158, 74, 0)
 ,(159, 75, 0)
 ,(160, 75, 0)
 ,(161, 75, 0)
 ,(162, 76, 0)
 ,(163, 76, 0)
 ,(164, 76, 0)
 ,(165, 77, 0)
 ,(166, 77, 0)
 ,(167, 78, 0)
 ,(168, 78, 0)
 ,(169, 79, 0)
 ,(170, 79, 0)
 ,(171, 80, 0)
 ,(172, 80, 0)
 ,(173, 81, 0)
 ,(174, 81, 0)
 ,(175, 82, 0)
 ,(176, 82, 0)
 ,(177, 83, 0)
 ,(178, 83, 0)
 ,(179, 84, 0)
 ,(180, 84, 0)
 ,(181, 85, 0)
 ,(182, 86, 0)
 ,(183, 87, 0)
 ,(184, 88, 0)
 ,(185, 89, 0)
 ,(186, 89, 0)
 ,(187, 90, 0)
 ,(188, 90, 0)
 ,(189, 91, 0)
 ,(190, 91, 0)
 ,(191, 92, 0)
 ,(192, 92, 0)
 ,(193, 93, 0)
 ,(194, 93, 0)
 ,(195, 93, 0)
 ,(196, 94, 0)
 ,(197, 94, 0)
 ,(198, 94, 0)
 ,(199, 95, 0)
 ,(200, 95, 0)
 ,(201, 95, 0)
 ,(202, 96, 0)
 ,(203, 96, 0)
 ,(204, 96, 0)
 ,(205, 97, 0)
 ,(206, 97, 0)
 ,(207, 98, 0)
 ,(208, 98, 0)
 ,(209, 99, 0)
 ,(210, 99, 0)
 ,(211, 100, 0)
 ,(212, 100, 0)
 ,(213, 101, 0)
 ,(214, 101, 0)
 ,(215, 102, 0)
 ,(216, 102, 0)
 ,(217, 103, 0)
 ,(218, 103, 0)
 ,(219, 104, 0)
 ,(220, 104, 0)
 ,(221, 105, 0)
 ,(222, 105, 0)
 ,(223, 106, 0)
 ,(224, 106, 0)
 ,(225, 107, 0)
 ,(226, 107, 0)
 ,(227, 108, 0)
 ,(228, 108, 0)
 ,(229, 109, 0)
 ,(230, 110, 0)
 ,(231, 111, 0)
 ,(232, 112, 0)
 ,(233, 113, 0)
 ,(234, 113, 0)
 ,(235, 113, 0)
 ,(236, 114, 0)
 ,(237, 114, 60)
 ,(238, 114, 0)
 ,(239, 115, 0)
 ,(240, 115, 0)
 ,(241, 115, 0)
 ,(242, 116, 0)
 ,(243, 116, 0)
 ,(244, 116, 0)
 ,(245, 117, 0)
 ,(246, 117, 0)
 ,(247, 117, 0)
 ,(248, 118, 0)
 ,(249, 118, 0)
 ,(250, 118, 0)
 ,(251, 119, 0)
 ,(252, 119, 0)
 ,(253, 119, 0)
 ,(254, 120, 0)
 ,(255, 120, 0)
 ,(256, 120, 0)
 ,(257, 121, 0)
 ,(258, 122, 0)
 ,(259, 123, 0)
 ,(260, 124, 0)
 ,(261, 125, 0)
 ,(262, 126, 0)
 ,(263, 127, 0)
 ,(264, 128, 0)
 ,(265, 129, 0)
 ,(266, 129, 0)
 ,(267, 130, 0)
 ,(268, 130, 0)
 ,(269, 131, 0)
 ,(270, 131, 0)
 ,(271, 132, 0)
 ,(272, 132, 0)
 ,(273, 133, 0)
 ,(274, 133, 0)
 ,(275, 134, 0)
 ,(276, 133, 0)
 ,(277, 135, 0)
 ,(278, 135, 0)
 ,(279, 136, 0)
 ,(280, 136, 0)
 ,(281, 137, 0)
 ,(282, 137, 0)
 ,(283, 137, 0)
 ,(284, 138, 0)
 ,(285, 138, 0)
 ,(286, 138, 0)
 ,(287, 139, 0)
 ,(288, 139, 0)
 ,(289, 139, 0)
 ,(290, 140, 0)
 ,(291, 140, 0)
 ,(292, 140, 0)
 ,(293, 141, 0)
 ,(294, 141, 0)
 ,(295, 142, 0)
 ,(296, 142, 0)
 ,(297, 143, 0)
 ,(298, 143, 0)
 ,(299, 144, 0)
 ,(300, 144, 0)
 ,(301, 145, 0)
 ,(302, 145, 0)
 ,(303, 145, 0)
 ,(304, 146, 0)
 ,(305, 146, 0)
 ,(306, 146, 0)
 ,(307, 147, 0)
 ,(308, 147, 0)
 ,(309, 147, 0)
 ,(310, 148, 0)
 ,(311, 148, 0)
 ,(312, 148, 0)
 ,(313, 149, 0)
 ,(314, 149, 0)
 ,(315, 150, 0)
 ,(316, 150, 0)
 ,(317, 151, 0)
 ,(318, 151, 0)
 ,(319, 152, 0)
 ,(320, 152, 0)
 ,(321, 153, 0)
 ,(322, 153, 0)
 ,(323, 154, 0)
 ,(324, 154, 0)
 ,(325, 155, 0)
 ,(326, 155, 0)
 ,(327, 156, 0)
 ,(328, 156, 0)
 ,(329, 157, 0)
 ,(330, 157, 0)
 ,(331, 157, 0)
 ,(332, 158, 0)
 ,(333, 158, 0)
 ,(334, 158, 0)
 ,(335, 159, 0)
 ,(336, 159, 0)
 ,(337, 159, 0)
 ,(338, 160, 0)
 ,(339, 160, 0)
 ,(340, 160, 0)
 ,(341, 161, 0)
 ,(342, 161, 0)
 ,(343, 162, 0)
 ,(344, 162, 0)
 ,(345, 163, 0)
 ,(346, 163, 0)
 ,(347, 164, 0)
 ,(348, 164, 0)
 ,(349, 165, 0)
 ,(350, 165, 0)
 ,(351, 166, 0)
 ,(352, 166, 0)
 ,(353, 167, 0)
 ,(354, 167, 0)
 ,(355, 168, 0)
 ,(356, 168, 0)
 ,(357, 169, 0)
 ,(358, 170, 0)
 ,(359, 171, 0)
 ,(360, 172, 0)
 ,(361, 173, 0)
 ,(362, 173, 0)
 ,(363, 174, 0)
 ,(364, 174, 0)
 ,(365, 175, 0)
 ,(366, 175, 0)
 ,(367, 176, 0)
 ,(368, 176, 0)
 ,(369, 177, 0)
 ,(370, 177, 0)
 ,(371, 178, 0)
 ,(372, 178, 0)
 ,(373, 179, 0)
 ,(374, 179, 0)
 ,(375, 180, 0)
 ,(376, 180, 0)

;

-- game_player_results data (sorted by id)
INSERT INTO game_player_results (id, game_id, player_id, game_point, table_point) VALUES
 (1, 1, 1, 245, 4)
 ,(2, 1, 5, -19, 3)
 ,(3, 1, 7, -104, 2)
 ,(4, 1, 8, -122, 1)
 ,(5, 2, 2, -90, 2)
 ,(6, 2, 3, 122, 3)
 ,(7, 2, 4, 125, 4)
 ,(8, 2, 6, -157, 1)
 ,(9, 3, 1, 134, 4)
 ,(10, 3, 3, -65, 2)
 ,(11, 3, 4, 118, 3)
 ,(12, 3, 5, -187, 1)
 ,(13, 4, 2, 120, 4)
 ,(14, 4, 6, -57, 2)
 ,(15, 4, 7, -58, 1)
 ,(16, 4, 8, -5, 3)
 ,(17, 5, 1, 284, 4)
 ,(18, 5, 2, -97, 2)
 ,(19, 5, 3, -7, 3)
 ,(20, 5, 4, -180, 1)
 ,(21, 6, 5, -7, 2)
 ,(22, 6, 6, 57, 3)
 ,(23, 6, 7, 109, 1)
 ,(24, 6, 8, -159, 4)
 ,(25, 7, 1, -201, 1)
 ,(26, 7, 2, 121, 4)
 ,(27, 7, 3, 95, 3)
 ,(28, 7, 4, -15, 2)
 ,(29, 8, 5, 238, 4)
 ,(30, 8, 6, 68, 3)
 ,(31, 8, 7, -209, 1)
 ,(32, 8, 8, -97, 2)
 ,(33, 9, 11, 63, 3)
 ,(34, 9, 7, 160, 4)
 ,(35, 9, 12, -38, 2)
 ,(36, 9, 3, -185, 1)
 ,(37, 10, 6, 161, 4)
 ,(38, 10, 10, -55, 1.5)
 ,(39, 10, 5, -51, 3)
 ,(40, 10, 2, -55, 1.5)
 ,(41, 11, 5, 121, 4)
 ,(42, 11, 6, -147, 1)
 ,(43, 11, 11, 85, 3)
 ,(44, 11, 7, -59, 2)
 ,(45, 12, 2, 52, 3)
 ,(46, 12, 12, -77, 1)
 ,(47, 12, 10, -49, 2)
 ,(48, 12, 3, 74, 4)
 ,(49, 13, 2, -100, 1)
 ,(50, 13, 3, 81, 4)
 ,(51, 13, 5, 25, 3)
 ,(52, 13, 11, -6, 2)
 ,(53, 14, 12, -7, 2)
 ,(54, 14, 7, 1, 3)
 ,(55, 14, 10, 154, 4)
 ,(56, 14, 6, -148, 1)
 ,(57, 15, 7, -9, 2)
 ,(58, 15, 3, 38, 3)
 ,(59, 15, 11, -109, 1)
 ,(60, 15, 5, 80, 4)
 ,(61, 16, 6, -42, 2)
 ,(62, 16, 10, 138, 4)
 ,(63, 16, 12, 41, 3)
 ,(64, 16, 2, -137, 1)
 ,(65, 17, 6, 36, 3)
 ,(66, 17, 8, 247, 4)
 ,(67, 17, 12, -201, 1)
 ,(68, 17, 1, -82, 2)
 ,(69, 18, 2, -45, 3)
 ,(70, 18, 11, 167, 4)
 ,(71, 18, 10, -55, 2)
 ,(72, 18, 13, -67, 1)
 ,(73, 19, 3, -137, 2)
 ,(74, 19, 7, 172, 4)
 ,(75, 19, 4, -149, 1)
 ,(76, 19, 5, 114, 3)
 ,(77, 20, 11, 131, 4)
 ,(78, 20, 5, -66, 1)
 ,(79, 20, 7, -10, 3)
 ,(80, 20, 8, -55, 2)
 ,(81, 21, 1, -85, 2)
 ,(82, 21, 6, 223, 4)
 ,(83, 21, 2, -194, 1)
 ,(84, 21, 10, 56, 3)
 ,(85, 22, 12, -1, 3)
 ,(86, 22, 4, -115, 2)
 ,(87, 22, 13, -227, 1)
 ,(88, 22, 3, 343, 4)
 ,(89, 23, 11, -43, 2)
 ,(90, 23, 7, -55, 1)
 ,(91, 23, 3, 62, 4)
 ,(92, 23, 6, 36, 3)
 ,(93, 24, 8, -21, 2)
 ,(94, 24, 1, -19, 3)
 ,(95, 24, 10, 164, 4)
 ,(96, 24, 12, -124, 1)
 ,(97, 25, 5, -135, 1)
 ,(98, 25, 2, -113, 2)
 ,(99, 25, 4, -40, 3)
 ,(100, 25, 13, 288, 4)
 ,(101, 26, 11, -154, 1)
 ,(102, 26, 6, -6, 2)
 ,(103, 26, 3, 21, 3)
 ,(104, 26, 10, 139, 4)
 ,(105, 27, 1, 343, 4)
 ,(106, 27, 13, -46, 3)
 ,(107, 27, 8, -135, 2)
 ,(108, 27, 7, -162, 1)
 ,(109, 28, 12, -99, 1)
 ,(110, 28, 2, -94, 2)
 ,(111, 28, 5, 135, 4)
 ,(112, 28, 4, 58, 3)
 ,(113, 29, 14, 114, 3)
 ,(114, 29, 5, -87, 2)
 ,(115, 29, 7, 194, 4)
 ,(116, 29, 1, -221, 1)
 ,(117, 30, 6, -45, 2)
 ,(118, 30, 9, -205, 1)
 ,(119, 30, 3, 282, 4)
 ,(120, 30, 4, -32, 3)
 ,(121, 31, 15, 177, 4)
 ,(122, 31, 2, 8, 3)
 ,(123, 31, 10, -122, 1)
 ,(124, 31, 8, -63, 2)
 ,(125, 32, 3, -185, 1)
 ,(126, 32, 14, 33, 3)
 ,(127, 32, 7, -21, 2)
 ,(128, 32, 15, 173, 4)
 ,(129, 33, 6, 13, 3)
 ,(130, 33, 2, -29, 1)
 ,(131, 33, 4, 41, 4)
 ,(132, 33, 8, -25, 2)
 ,(133, 34, 9, -91, 2)
 ,(134, 34, 5, -204, 1)
 ,(135, 34, 1, 243, 4)
 ,(136, 34, 10, 52, 3)
 ,(137, 35, 15, 16, 3)
 ,(138, 35, 1, -80, 1)
 ,(139, 35, 14, 15, 2)
 ,(140, 35, 4, 49, 4)
 ,(141, 36, 8, 160, 4)
 ,(142, 36, 7, 27, 3)
 ,(143, 36, 6, -114, 1)
 ,(144, 36, 10, -73, 2)
 ,(145, 37, 5, -32, 2)
 ,(146, 37, 9, 180, 4)
 ,(147, 37, 3, -193, 1)
 ,(148, 37, 2, 45, 3)
 ,(149, 38, 14, 36, 3)
 ,(150, 38, 4, -13, 2)
 ,(151, 38, 15, -235, 1)
 ,(152, 38, 7, 212, 4)
 ,(153, 39, 2, -7, 2)
 ,(154, 39, 8, -202, 1)
 ,(155, 39, 9, 51, 3)
 ,(156, 39, 1, 158, 4)
 ,(157, 40, 6, -179, 1)
 ,(158, 40, 3, -141, 2)
 ,(159, 40, 10, -137, 3)
 ,(160, 40, 5, 457, 4)
 ,(161, 41, 15, -75, 1)
 ,(162, 41, 1, 58, 4)
 ,(163, 41, 5, 9, 3)
 ,(164, 41, 2, 8, 2)
 ,(165, 42, 3, -58, 1)
 ,(166, 42, 6, 69, 4)
 ,(167, 42, 10, -40, 2)
 ,(168, 42, 7, 29, 3)
 ,(169, 43, 5, 84, 4)
 ,(170, 43, 7, 78, 3)
 ,(171, 43, 6, -153, 1)
 ,(172, 43, 1, -9, 2)
 ,(173, 44, 15, -116, 1)
 ,(174, 44, 10, 3, 3)
 ,(175, 44, 3, -8, 2)
 ,(176, 44, 2, 121, 4)
 ,(177, 45, 5, -71, 2)
 ,(178, 45, 2, 167, 4)
 ,(179, 45, 7, -100, 1)
 ,(180, 45, 10, 4, 3)
 ,(181, 46, 3, -162, 2)
 ,(182, 46, 6, -218, 1)
 ,(183, 46, 1, 540, 4)
 ,(184, 46, 15, -160, 3)
 ,(185, 47, 5, 2, 2)
 ,(186, 47, 2, 22, 3)
 ,(187, 47, 10, -141, 1)
 ,(188, 47, 1, 117, 4)
 ,(189, 48, 7, 51, 3)
 ,(190, 48, 15, 99, 4)
 ,(191, 48, 6, -56, 2)
 ,(192, 48, 3, -94, 1)
 ,(193, 49, 8, -127, 1)
 ,(194, 49, 4, 190, 4)
 ,(195, 49, 16, -36, 2)
 ,(196, 49, 11, -27, 3)
 ,(197, 50, 10, -273, 1)
 ,(198, 50, 3, -96, 2)
 ,(199, 50, 2, 183, 3)
 ,(200, 50, 7, 186, 4)
 ,(201, 51, 7, -79, 1)
 ,(202, 51, 4, 60, 4)
 ,(203, 51, 11, 26, 3)
 ,(204, 51, 2, -7, 2)
 ,(205, 52, 8, 112, 4)
 ,(206, 52, 3, -4, 3)
 ,(207, 52, 16, -91, 1)
 ,(208, 52, 10, -17, 2)
 ,(209, 53, 4, -166, 1)
 ,(210, 53, 8, 290, 4)
 ,(211, 53, 11, 24, 3)
 ,(212, 53, 3, -148, 2)
 ,(213, 54, 7, -46, 1)
 ,(214, 54, 10, 69, 4)
 ,(215, 54, 16, 9, 3)
 ,(216, 54, 2, -32, 2)
 ,(217, 55, 4, 2, 3)
 ,(218, 55, 2, 108, 4)
 ,(219, 55, 8, -98, 1)
 ,(220, 55, 11, -12, 2)
 ,(221, 56, 7, 253, 4)
 ,(222, 56, 3, -67, 2)
 ,(223, 56, 10, -149, 1)
 ,(224, 56, 16, -37, 3)
 ,(225, 57, 4, -111, 1)
 ,(226, 57, 7, 23, 3)
 ,(227, 57, 17, 195, 4)
 ,(228, 57, 8, -107, 2)
 ,(229, 58, 6, 1, 3)
 ,(230, 58, 2, -101, 1)
 ,(231, 58, 3, -11, 2)
 ,(232, 58, 16, 111, 4)
 ,(233, 59, 17, 262, 4)
 ,(234, 59, 7, -277, 1)
 ,(235, 59, 6, 50, 3)
 ,(236, 59, 16, -35, 2)
 ,(237, 60, 2, 3, 3)
 ,(238, 60, 8, -62, 2)
 ,(239, 60, 4, 183, 4)
 ,(240, 60, 3, -124, 1)
 ,(241, 61, 6, -98, 1)
 ,(242, 61, 4, 119, 4)
 ,(243, 61, 2, 26, 3)
 ,(244, 61, 17, -47, 2)
 ,(245, 62, 7, 108, 4)
 ,(246, 62, 8, 40, 3)
 ,(247, 62, 3, -161, 1)
 ,(248, 62, 16, 13, 2)
 ,(249, 63, 16, -87, 1)
 ,(250, 63, 7, 35, 3)
 ,(251, 63, 4, 132, 4)
 ,(252, 63, 17, -80, 2)
 ,(253, 64, 6, 66, 4)
 ,(254, 64, 3, -113, 1)
 ,(255, 64, 8, -46, 2)
 ,(256, 64, 2, 33, 3)
 ,(257, 65, 14, -154, 1)
 ,(258, 65, 6, 205, 4)
 ,(259, 65, 9, 36, 3)
 ,(260, 65, 17, -87, 2)
 ,(261, 66, 8, 12, 3)
 ,(262, 66, 3, 110, 4)
 ,(263, 66, 4, -48, 2)
 ,(264, 66, 7, -74, 1)
 ,(265, 67, 5, -62, 2)
 ,(266, 67, 1, 117, 4)
 ,(267, 67, 2, 97, 3)
 ,(268, 67, 10, -152, 1)
 ,(269, 68, 1, 64, 4)
 ,(270, 68, 3, -46, 1)
 ,(271, 68, 2, 10, 3)
 ,(272, 68, 6, -28, 2)
 ,(273, 69, 4, -15, 3)
 ,(274, 69, 8, -30, 2)
 ,(275, 69, 5, -284, 1)
 ,(276, 69, 9, 329, 4)
 ,(277, 70, 17, 120, 4)
 ,(278, 70, 10, 53, 3)
 ,(279, 70, 7, 17, 2)
 ,(280, 70, 14, -190, 1)
 ,(281, 71, 1, -37, 2)
 ,(282, 71, 9, -108, 1)
 ,(283, 71, 6, 12, 3)
 ,(284, 71, 2, 133, 4)
 ,(285, 72, 4, 75, 4)
 ,(286, 72, 17, -46, 2)
 ,(287, 72, 8, -54, 1)
 ,(288, 72, 3, 25, 3)
 ,(289, 73, 5, -63, 2)
 ,(290, 73, 10, -132, 1)
 ,(291, 73, 7, 89, 3)
 ,(292, 73, 14, 106, 4)
 ,(293, 74, 6, -168, 1)
 ,(294, 74, 2, -42, 2)
 ,(295, 74, 1, 232, 4)
 ,(296, 74, 4, -22, 3)
 ,(297, 75, 17, 60, 3)
 ,(298, 75, 7, 90, 4)
 ,(299, 75, 9, -115, 1)
 ,(300, 75, 3, -35, 2)
 ,(301, 76, 14, 9, 3)
 ,(302, 76, 8, -93, 1)
 ,(303, 76, 10, 74, 4)
 ,(304, 76, 5, -50, 2)
 ,(305, 77, 6, 6, 3)
 ,(306, 77, 4, 127, 4)
 ,(307, 77, 15, -18, 2)
 ,(308, 77, 5, -115, 1)
 ,(309, 78, 7, 66, 3)
 ,(310, 78, 10, -176, 1)
 ,(311, 78, 3, 244, 4)
 ,(312, 78, 2, -134, 2)
 ,(313, 79, 4, 41, 3)
 ,(314, 79, 3, -34, 2)
 ,(315, 79, 6, -209, 1)
 ,(316, 79, 7, 202, 4)
 ,(317, 80, 5, -32, 3)
 ,(318, 80, 10, -120, 1)
 ,(319, 80, 2, -55, 2)
 ,(320, 80, 15, 207, 4)
 ,(321, 81, 4, -11, 3)
 ,(322, 81, 7, 64, 4)
 ,(323, 81, 15, -34, 1)
 ,(324, 81, 5, -19, 2)
 ,(325, 82, 3, 2, 2)
 ,(326, 82, 6, -157, 1)
 ,(327, 82, 10, 83, 4)
 ,(328, 82, 2, 72, 3)
 ,(329, 83, 3, 5, 3)
 ,(330, 83, 4, 160, 4)
 ,(331, 83, 15, -53, 2)
 ,(332, 83, 7, -112, 1)
 ,(333, 84, 2, -146, 1)
 ,(334, 84, 6, -42, 3)
 ,(335, 84, 10, -60, 2)
 ,(336, 84, 5, 248, 4)
 ,(337, 85, 1, 29, 4)
 ,(338, 85, 17, 20, 3)
 ,(339, 85, 10, 3, 2)
 ,(340, 85, 3, -52, 1)
 ,(341, 86, 2, 124, 4)
 ,(342, 86, 4, -3, 3)
 ,(343, 86, 11, -38, 2)
 ,(344, 86, 7, -83, 1)
 ,(345, 87, 7, 68, 3)
 ,(346, 87, 11, -208, 1)
 ,(347, 87, 10, -143, 2)
 ,(348, 87, 3, 283, 4)
 ,(349, 88, 2, 180, 4)
 ,(350, 88, 1, -95, 2)
 ,(351, 88, 17, -110, 1)
 ,(352, 88, 4, 25, 3)
 ,(353, 89, 4, -44, 2)
 ,(354, 89, 7, -181, 1)
 ,(355, 89, 3, 125, 4)
 ,(356, 89, 2, 100, 3)
 ,(357, 90, 10, -119, 1)
 ,(358, 90, 17, 73, 4)
 ,(359, 90, 1, 49, 3)
 ,(360, 90, 11, -3, 2)
 ,(361, 91, 17, 142, 4)
 ,(362, 91, 3, -276, 1)
 ,(363, 91, 1, 75, 3)
 ,(364, 91, 2, 59, 2)
 ,(365, 92, 11, 32, 3)
 ,(366, 92, 10, -20, 2)
 ,(367, 92, 7, -114, 1)
 ,(368, 92, 4, 102, 4)
 ,(369, 93, 8, -167, 1)
 ,(370, 93, 3, 89, 3)
 ,(371, 93, 10, -51, 2)
 ,(372, 93, 2, 129, 4)
 ,(373, 94, 4, 51, 4)
 ,(374, 94, 1, -21, 2)
 ,(375, 94, 7, -76, 1)
 ,(376, 94, 17, -14, 3)
 ,(377, 95, 10, 99, 4)
 ,(378, 95, 1, -160, 1)
 ,(379, 95, 7, 64, 3)
 ,(380, 95, 8, -3, 2)
 ,(381, 96, 17, 23, 3)
 ,(382, 96, 4, -6, 2)
 ,(383, 96, 2, -111, 1)
 ,(384, 96, 3, 94, 4)
 ,(385, 97, 10, 27, 2)
 ,(386, 97, 3, 78, 4)
 ,(387, 97, 7, 39, 3)
 ,(388, 97, 17, -144, 1)
 ,(389, 98, 8, 127, 4)
 ,(390, 98, 1, -126, 1)
 ,(391, 98, 4, -49, 2)
 ,(392, 98, 2, 48, 3)
 ,(393, 99, 4, -5, 3)
 ,(394, 99, 3, 270, 4)
 ,(395, 99, 10, -248, 1)
 ,(396, 99, 2, -17, 2)
 ,(397, 100, 1, 207, 4)
 ,(398, 100, 7, -131, 2)
 ,(399, 100, 8, 85, 3)
 ,(400, 100, 17, -161, 1)
 ,(401, 101, 2, -32, 2)
 ,(402, 101, 18, -65, 1)
 ,(403, 101, 11, -11, 3)
 ,(404, 101, 14, 108, 4)
 ,(405, 102, 5, -97, 1)
 ,(406, 102, 7, -36, 2)
 ,(407, 102, 4, 151, 4)
 ,(408, 102, 3, -18, 3)
 ,(409, 103, 15, 123, 4)
 ,(410, 103, 10, -24, 2)
 ,(411, 103, 17, -78, 1)
 ,(412, 103, 1, -21, 3)
 ,(413, 104, 15, -22, 2)
 ,(414, 104, 4, 103, 3)
 ,(415, 104, 14, 183, 4)
 ,(416, 104, 11, -264, 1)
 ,(417, 105, 3, -62, 1)
 ,(418, 105, 10, 114, 4)
 ,(419, 105, 1, -46, 2)
 ,(420, 105, 2, -6, 3)
 ,(421, 106, 17, -159, 1)
 ,(422, 106, 18, -25, 2)
 ,(423, 106, 5, -2, 3)
 ,(424, 106, 7, 186, 4)
 ,(425, 107, 14, 14, 2)
 ,(426, 107, 4, -127, 1)
 ,(427, 107, 7, 83, 4)
 ,(428, 107, 10, 30, 3)
 ,(429, 108, 2, 298, 4)
 ,(430, 108, 1, -164, 1)
 ,(431, 108, 15, -142, 2)
 ,(432, 108, 5, 8, 3)
 ,(433, 109, 18, -56, 2)
 ,(434, 109, 11, -57, 1)
 ,(435, 109, 17, 110, 4)
 ,(436, 109, 3, 3, 3)
 ,(437, 110, 14, -176, 1)
 ,(438, 110, 10, 7, 2)
 ,(439, 110, 7, 63, 3)
 ,(440, 110, 2, 106, 4)
 ,(441, 111, 5, 292, 4)
 ,(442, 111, 4, -205, 1)
 ,(443, 111, 15, 21, 3)
 ,(444, 111, 3, -108, 2)
 ,(445, 112, 17, -102, 1)
 ,(446, 112, 1, 24, 3)
 ,(447, 112, 11, 113, 4)
 ,(448, 112, 18, -35, 2)
 ,(449, 113, 6, -87, 2)
 ,(450, 113, 18, 232, 4)
 ,(451, 113, 4, 106, 3)
 ,(452, 113, 7, -251, 1)
 ,(453, 114, 10, 81, 4)
 ,(454, 114, 15, 46, 3)
 ,(455, 114, 3, 43, 2)
 ,(456, 114, 2, -170, 1)
 ,(457, 115, 10, 23, 3)
 ,(458, 115, 4, -86, 1)
 ,(459, 115, 18, -57, 2)
 ,(460, 115, 15, 120, 4)
 ,(461, 116, 7, 60, 3)
 ,(462, 116, 3, -202, 1)
 ,(463, 116, 6, 32, 2)
 ,(464, 116, 2, 110, 4)
 ,(465, 117, 2, -20, 2)
 ,(466, 117, 10, -95, 1)
 ,(467, 117, 15, 27, 3)
 ,(468, 117, 7, 88, 4)
 ,(469, 118, 3, -17, 2)
 ,(470, 118, 4, 20, 3)
 ,(471, 118, 6, -57, 1)
 ,(472, 118, 18, 54, 4)
 ,(473, 119, 15, 175, 4)
 ,(474, 119, 7, -80, 1)
 ,(475, 119, 18, -44, 3)
 ,(476, 119, 10, -51, 2)
 ,(477, 120, 6, 76, 3)
 ,(478, 120, 2, 77, 4)
 ,(479, 120, 3, -167, 1)
 ,(480, 120, 4, 14, 2)
 ,(481, 121, 3, -173, 1)
 ,(482, 121, 2, -18, 2)
 ,(483, 121, 18, 125, 4)
 ,(484, 121, 7, 66, 3)
 ,(485, 122, 3, 26, 3)
 ,(486, 122, 2, -209, 1)
 ,(487, 122, 18, 7, 2)
 ,(488, 122, 7, 176, 4)
 ,(489, 123, 3, 42, 4)
 ,(490, 123, 2, -45, 1)
 ,(491, 123, 18, 24, 3)
 ,(492, 123, 7, -21, 2)
 ,(493, 124, 3, 13, 3)
 ,(494, 124, 2, -56, 2)
 ,(495, 124, 18, 187, 4)
 ,(496, 124, 7, -144, 1)
 ,(497, 125, 5, -126, 1)
 ,(498, 125, 3, 193, 4)
 ,(499, 125, 17, 10, 3)
 ,(500, 125, 2, -77, 2)
 ,(501, 126, 17, -25, 2)
 ,(502, 126, 5, 87, 4)
 ,(503, 126, 3, 42, 3)
 ,(504, 126, 2, -104, 1)
 ,(505, 127, 2, 11, 2)
 ,(506, 127, 3, -90, 1)
 ,(507, 127, 5, 60, 4)
 ,(508, 127, 17, 19, 3)
 ,(509, 128, 2, 152, 4)
 ,(510, 128, 3, -142, 1)
 ,(511, 128, 5, 60, 3)
 ,(512, 128, 17, -70, 2)
 ,(513, 129, 2, 26, 3)
 ,(514, 129, 3, 63, 4)
 ,(515, 129, 1, -46, 1)
 ,(516, 129, 19, -43, 2)
 ,(517, 130, 2, 2, 3)
 ,(518, 130, 3, 116, 4)
 ,(519, 130, 1, -32, 2)
 ,(520, 130, 19, -86, 1)
 ,(521, 131, 2, -103, 1)
 ,(522, 131, 3, -90, 2)
 ,(523, 131, 1, 193, 4)
 ,(524, 131, 19, 0, 3)
 ,(525, 132, 2, 1, 3)
 ,(526, 132, 3, 167, 4)
 ,(527, 132, 1, -139, 1)
 ,(528, 132, 19, -29, 2)
 ,(529, 133, 20, -58, 2)
 ,(530, 133, 6, 65, 3)
 ,(531, 133, 2, 124, 4)
 ,(532, 133, 1, -131, 1)
 ,(533, 134, 7, 72, 4)
 ,(534, 134, 3, 69, 3)
 ,(535, 134, 4, 19, 2)
 ,(536, 134, 8, -160, 1)
 ,(537, 135, 2, 190, 4)
 ,(538, 135, 7, -68, 2)
 ,(539, 135, 6, 45, 3)
 ,(540, 135, 3, -167, 1)
 ,(541, 136, 4, -21, 3)
 ,(542, 136, 20, -41, 2)
 ,(543, 136, 1, -118, 1)
 ,(544, 136, 8, 180, 4)
 ,(545, 137, 8, -156, 1)
 ,(546, 137, 4, 154, 4)
 ,(547, 137, 6, 47, 3)
 ,(548, 137, 2, -45, 2)
 ,(549, 138, 7, 348, 4)
 ,(550, 138, 3, -155, 2)
 ,(551, 138, 1, -162, 1)
 ,(552, 138, 20, -31, 3)
 ,(553, 139, 4, 93, 4)
 ,(554, 139, 6, 45, 3)
 ,(555, 139, 2, 41, 2)
 ,(556, 139, 7, -179, 1)
 ,(557, 140, 20, -195, 1)
 ,(558, 140, 3, 170, 4)
 ,(559, 140, 1, -14, 2)
 ,(560, 140, 8, 39, 3)
 ,(561, 141, 1, 0, 3)
 ,(562, 141, 10, 93, 4)
 ,(563, 141, 19, -91, 1)
 ,(564, 141, 7, -2, 2)
 ,(565, 142, 8, 51, 4)
 ,(566, 142, 9, 42, 3)
 ,(567, 142, 4, -69, 1)
 ,(568, 142, 2, -24, 2)
 ,(569, 143, 5, -145, 1)
 ,(570, 143, 15, 207, 4)
 ,(571, 143, 3, -128, 2)
 ,(572, 143, 14, 66, 3)
 ,(573, 144, 8, 141, 4)
 ,(574, 144, 10, 24, 3)
 ,(575, 144, 1, -16, 2)
 ,(576, 144, 15, -149, 1)
 ,(577, 145, 7, 55, 3)
 ,(578, 145, 2, 69, 4)
 ,(579, 145, 9, -154, 1)
 ,(580, 145, 14, 30, 2)
 ,(581, 146, 4, -55, 2)
 ,(582, 146, 3, -86, 1)
 ,(583, 146, 19, -3, 3)
 ,(584, 146, 5, 144, 4)
 ,(585, 147, 8, -205, 1)
 ,(586, 147, 5, -39, 3)
 ,(587, 147, 2, -99, 2)
 ,(588, 147, 10, 343, 4)
 ,(589, 148, 19, -150, 1)
 ,(590, 148, 14, 42, 2)
 ,(591, 148, 7, 48, 3)
 ,(592, 148, 1, 60, 4)
 ,(593, 149, 15, -179, 1)
 ,(594, 149, 9, -125, 2)
 ,(595, 149, 3, 118, 3)
 ,(596, 149, 4, 186, 4)
 ,(597, 150, 7, 31, 3)
 ,(598, 150, 1, -50, 2)
 ,(599, 150, 8, 142, 4)
 ,(600, 150, 10, -123, 1)
 ,(601, 151, 14, -141, 1)
 ,(602, 151, 2, -42, 2)
 ,(603, 151, 4, 103, 4)
 ,(604, 151, 5, 80, 3)
 ,(605, 152, 3, -9, 2)
 ,(606, 152, 19, 9, 3)
 ,(607, 152, 15, 94, 4)
 ,(608, 152, 9, -94, 1)
 ,(609, 153, 10, -88, 1)
 ,(610, 153, 7, 8, 2)
 ,(611, 153, 2, 59, 4)
 ,(612, 153, 11, 21, 3)
 ,(613, 154, 18, -26, 2)
 ,(614, 154, 1, -107, 1)
 ,(615, 154, 14, 153, 4)
 ,(616, 154, 13, -20, 3)
 ,(617, 155, 3, 114, 4)
 ,(618, 155, 19, -154, 1)
 ,(619, 155, 21, -48, 2)
 ,(620, 155, 8, 88, 3)
 ,(621, 156, 2, -25, 2)
 ,(622, 156, 11, 154, 4)
 ,(623, 156, 3, -149, 1)
 ,(624, 156, 14, 20, 3)
 ,(625, 157, 7, -84, 2)
 ,(626, 157, 18, 20, 3)
 ,(627, 157, 8, 202, 4)
 ,(628, 157, 13, -138, 1)
 ,(629, 158, 21, 354, 4)
 ,(630, 158, 10, -199, 2)
 ,(631, 158, 1, -246, 1)
 ,(632, 158, 19, 91, 3)
 ,(633, 159, 14, -197, 1)
 ,(634, 159, 21, 4, 2)
 ,(635, 159, 11, 142, 4)
 ,(636, 159, 8, 51, 3)
 ,(637, 160, 19, -223, 1)
 ,(638, 160, 18, 76, 3)
 ,(639, 160, 2, 82, 4)
 ,(640, 160, 7, 65, 2)
 ,(641, 161, 10, -200, 1)
 ,(642, 161, 13, 6, 3)
 ,(643, 161, 3, 276, 4)
 ,(644, 161, 1, -82, 2)
 ,(645, 162, 8, 283, 4)
 ,(646, 162, 11, -46, 2)
 ,(647, 162, 3, -201, 1)
 ,(648, 162, 2, -36, 3)
 ,(649, 163, 13, 78, 3)
 ,(650, 163, 14, -125, 1)
 ,(651, 163, 18, 92, 4)
 ,(652, 163, 21, -45, 2)
 ,(653, 164, 10, -112, 1)
 ,(654, 164, 1, 146, 4)
 ,(655, 164, 19, -11, 3)
 ,(656, 164, 7, -23, 2)
 ,(657, 165, 3, -181, 1)
 ,(658, 165, 19, -94, 2)
 ,(659, 165, 10, -22, 3)
 ,(660, 165, 1, 297, 4)
 ,(661, 166, 2, 119, 4)
 ,(662, 166, 22, -74, 2)
 ,(663, 166, 21, 66, 3)
 ,(664, 166, 18, -111, 1)
 ,(665, 167, 2, -181, 1)
 ,(666, 167, 10, 220, 4)
 ,(667, 167, 1, -1, 3)
 ,(668, 167, 21, -38, 2)
 ,(669, 168, 19, 213, 4)
 ,(670, 168, 22, -236, 1)
 ,(671, 168, 18, 23, 3)
 ,(672, 168, 3, 0, 2)
 ,(673, 169, 19, 160, 4)
 ,(674, 169, 10, -206, 1)
 ,(675, 169, 18, 45, 3)
 ,(676, 169, 1, 1, 2)
 ,(677, 170, 22, 271, 4)
 ,(678, 170, 21, -172, 1)
 ,(679, 170, 2, -58, 2)
 ,(680, 170, 3, -41, 3)
 ,(681, 171, 19, -89, 1)
 ,(682, 171, 1, 88, 4)
 ,(683, 171, 10, -33, 2)
 ,(684, 171, 22, 34, 3)
 ,(685, 172, 18, -73, 2)
 ,(686, 172, 3, 10, 3)
 ,(687, 172, 21, 139, 4)
 ,(688, 172, 2, -76, 1)
 ,(689, 173, 15, 97, 4)
 ,(690, 173, 20, -154, 1)
 ,(691, 173, 19, 28, 2)
 ,(692, 173, 4, 29, 3)
 ,(693, 174, 2, -90, 1)
 ,(694, 174, 3, 121, 4)
 ,(695, 174, 7, -19, 2)
 ,(696, 174, 1, -12, 3)
 ,(697, 175, 4, -65, 2)
 ,(698, 175, 3, 151, 4)
 ,(699, 175, 1, -87, 1)
 ,(700, 175, 15, 1, 3)
 ,(701, 176, 19, 122, 4)
 ,(702, 176, 20, 14, 3)
 ,(703, 176, 2, -141, 1)
 ,(704, 176, 7, 5, 2)
 ,(705, 177, 15, -4, 2)
 ,(706, 177, 19, 85, 4)
 ,(707, 177, 20, 59, 3)
 ,(708, 177, 3, -140, 1)
 ,(709, 178, 2, -18, 2)
 ,(710, 178, 1, -41, 1)
 ,(711, 178, 7, 7, 3)
 ,(712, 178, 4, 52, 4)
 ,(713, 179, 3, -93, 2)
 ,(714, 179, 4, 101, 3)
 ,(715, 179, 19, -167, 1)
 ,(716, 179, 15, 159, 4)
 ,(717, 180, 2, -126, 2)
 ,(718, 180, 20, -158, 1)
 ,(719, 180, 1, 91, 3)
 ,(720, 180, 7, 193, 4)
 ,(721, 181, 19, -7, 3)
 ,(722, 181, 2, -47, 2)
 ,(723, 181, 1, -204, 1)
 ,(724, 181, 3, 258, 4)
 ,(725, 182, 3, 7, 3)
 ,(726, 182, 2, 96, 4)
 ,(727, 182, 19, -70, 1)
 ,(728, 182, 1, -33, 2)
 ,(729, 183, 2, -48, 1)
 ,(730, 183, 3, 3, 3)
 ,(731, 183, 19, 1, 2)
 ,(732, 183, 1, 44, 4)
 ,(733, 184, 19, -212, 1)
 ,(734, 184, 2, -87, 2)
 ,(735, 184, 3, 199, 4)
 ,(736, 184, 1, 100, 3)
 ,(737, 185, 5, 191, 4)
 ,(738, 185, 10, -133, 2)
 ,(739, 185, 8, -193, 1)
 ,(740, 185, 4, 135, 3)
 ,(741, 186, 1, -193, 1)
 ,(742, 186, 7, 10, 2)
 ,(743, 186, 2, 157, 4)
 ,(744, 186, 3, 26, 3)
 ,(745, 187, 5, 127, 4)
 ,(746, 187, 4, -18, 2)
 ,(747, 187, 2, -125, 1)
 ,(748, 187, 3, 16, 3)
 ,(749, 188, 7, -60, 2)
 ,(750, 188, 10, -31, 3)
 ,(751, 188, 1, -146, 1)
 ,(752, 188, 8, 237, 4)
 ,(753, 189, 8, 72, 3)
 ,(754, 189, 10, 252, 4)
 ,(755, 189, 3, -245, 1)
 ,(756, 189, 5, -79, 2)
 ,(757, 190, 7, -71, 2)
 ,(758, 190, 4, 195, 4)
 ,(759, 190, 2, -190, 1)
 ,(760, 190, 1, 66, 3)
 ,(761, 191, 10, -38, 2)
 ,(762, 191, 4, -163, 1)
 ,(763, 191, 8, 14, 3)
 ,(764, 191, 5, 187, 4)
 ,(765, 192, 2, -62, 1)
 ,(766, 192, 1, 70, 4)
 ,(767, 192, 7, -6, 2)
 ,(768, 192, 3, -2, 3)
 ,(769, 193, 2, 269, 4)
 ,(770, 193, 15, 16, 3)
 ,(771, 193, 22, -77, 2)
 ,(772, 193, 10, -208, 1)
 ,(773, 194, 5, -102, 1)
 ,(774, 194, 4, 27, 3)
 ,(775, 194, 1, 140, 4)
 ,(776, 194, 8, -65, 2)
 ,(777, 195, 19, 140, 4)
 ,(778, 195, 23, -92, 1)
 ,(779, 195, 21, 9, 3)
 ,(780, 195, 6, -57, 2)
 ,(781, 196, 2, -15, 3)
 ,(782, 196, 19, -35, 2)
 ,(783, 196, 15, -180, 1)
 ,(784, 196, 1, 230, 4)
 ,(785, 197, 21, 7, 2)
 ,(786, 197, 8, -78, 1)
 ,(787, 197, 22, 50, 4)
 ,(788, 197, 4, 21, 3)
 ,(789, 198, 5, 47, 3)
 ,(790, 198, 10, 159, 4)
 ,(791, 198, 6, -66, 2)
 ,(792, 198, 23, -140, 1)
 ,(793, 199, 1, 64, 4)
 ,(794, 199, 2, -1, 2)
 ,(795, 199, 10, 16, 3)
 ,(796, 199, 22, -79, 1)
 ,(797, 200, 21, -120, 1)
 ,(798, 200, 4, 194, 4)
 ,(799, 200, 5, -4, 3)
 ,(800, 200, 19, -70, 2)
 ,(801, 201, 6, 69, 4)
 ,(802, 201, 8, -81, 1)
 ,(803, 201, 15, 17, 3)
 ,(804, 201, 23, -5, 2)
 ,(805, 202, 1, -94, 1)
 ,(806, 202, 2, 156, 4)
 ,(807, 202, 4, -69, 2)
 ,(808, 202, 19, 7, 3)
 ,(809, 203, 6, 21, 2)
 ,(810, 203, 22, -95, 1)
 ,(811, 203, 10, 35, 3)
 ,(812, 203, 5, 39, 4)
 ,(813, 204, 15, -30, 3)
 ,(814, 204, 21, -31, 2)
 ,(815, 204, 8, -111, 1)
 ,(816, 204, 23, 172, 4)
 ,(817, 205, 2, 28, 3)
 ,(818, 205, 11, -63, 2)
 ,(819, 205, 6, -102, 1)
 ,(820, 205, 24, 137, 4)
 ,(821, 206, 7, 157, 3)
 ,(822, 206, 4, 222, 4)
 ,(823, 206, 10, -131, 2)
 ,(824, 206, 3, -248, 1)
 ,(825, 207, 2, 4, 2)
 ,(826, 207, 4, -92, 1)
 ,(827, 207, 24, 6, 3)
 ,(828, 207, 7, 82, 4)
 ,(829, 208, 11, -28, 3)
 ,(830, 208, 6, 146, 4)
 ,(831, 208, 10, -63, 1)
 ,(832, 208, 3, -55, 2)
 ,(833, 209, 24, -83, 1)
 ,(834, 209, 11, 7, 3)
 ,(835, 209, 6, -52, 2)
 ,(836, 209, 7, 128, 4)
 ,(837, 210, 3, -253, 1)
 ,(838, 210, 10, 129, 4)
 ,(839, 210, 4, 4, 2)
 ,(840, 210, 2, 120, 3)
 ,(841, 211, 11, -38, 2)
 ,(842, 211, 2, -60, 1)
 ,(843, 211, 7, 130, 4)
 ,(844, 211, 24, -32, 3)
 ,(845, 212, 6, 86, 3)
 ,(846, 212, 4, 204, 4)
 ,(847, 212, 10, -48, 2)
 ,(848, 212, 3, -242, 1)
 ,(849, 213, 19, 111, 3)
 ,(850, 213, 3, -53, 2)
 ,(851, 213, 5, 155, 4)
 ,(852, 213, 21, -213, 1)
 ,(853, 214, 6, -21, 3)
 ,(854, 214, 18, -76, 2)
 ,(855, 214, 2, 279, 4)
 ,(856, 214, 1, -182, 1)
 ,(857, 215, 6, 102, 4)
 ,(858, 215, 5, -108, 1)
 ,(859, 215, 2, 95, 3)
 ,(860, 215, 19, -89, 2)
 ,(861, 216, 18, 93, 3)
 ,(862, 216, 1, -140, 1)
 ,(863, 216, 3, 99, 4)
 ,(864, 216, 21, -52, 2)
 ,(865, 217, 3, 87, 3)
 ,(866, 217, 2, 50, 2)
 ,(867, 217, 18, -255, 1)
 ,(868, 217, 6, 118, 4)
 ,(869, 218, 19, -81, 2)
 ,(870, 218, 1, -145, 1)
 ,(871, 218, 21, 206, 4)
 ,(872, 218, 5, 20, 3)
 ,(873, 219, 6, -1, 2)
 ,(874, 219, 5, -80, 1)
 ,(875, 219, 3, 59, 4)
 ,(876, 219, 2, 22, 3)
 ,(877, 220, 19, 154, 4)
 ,(878, 220, 18, -200, 1)
 ,(879, 220, 21, 119, 3)
 ,(880, 220, 1, -73, 2)
 ,(881, 221, 21, -230, 1)
 ,(882, 221, 24, 155, 4)
 ,(883, 221, 23, -56, 2)
 ,(884, 221, 19, 131, 3)
 ,(885, 222, 4, 84, 4)
 ,(886, 222, 2, 9, 3)
 ,(887, 222, 8, -99, 1)
 ,(888, 222, 7, 6, 2)
 ,(889, 223, 24, -59, 2)
 ,(890, 223, 19, 213, 4)
 ,(891, 223, 4, -40, 3)
 ,(892, 223, 2, -114, 1)
 ,(893, 224, 8, 73, 4)
 ,(894, 224, 21, 65, 3)
 ,(895, 224, 7, 11, 2)
 ,(896, 224, 23, -149, 1)
 ,(897, 225, 19, -167, 1)
 ,(898, 225, 8, 18, 3)
 ,(899, 225, 21, 199, 4)
 ,(900, 225, 4, -50, 2)
 ,(901, 226, 7, 30, 2)
 ,(902, 226, 24, -195, 1)
 ,(903, 226, 23, 83, 4)
 ,(904, 226, 2, 82, 3)
 ,(905, 227, 19, 14, 3)
 ,(906, 227, 21, -112, 1)
 ,(907, 227, 8, -84, 2)
 ,(908, 227, 4, 182, 4)
 ,(909, 228, 24, 106, 4)
 ,(910, 228, 7, 6, 2)
 ,(911, 228, 2, 63, 3)
 ,(912, 228, 23, -175, 1)
 ,(913, 229, 2, -70, 2)
 ,(914, 229, 3, 233, 4)
 ,(915, 229, 5, 18, 3)
 ,(916, 229, 21, -181, 1)
 ,(917, 230, 2, -96, 2)
 ,(918, 230, 3, 99, 3)
 ,(919, 230, 5, -257, 1)
 ,(920, 230, 21, 254, 4)
 ,(921, 231, 2, 192, 4)
 ,(922, 231, 3, -77, 2)
 ,(923, 231, 5, 40, 3)
 ,(924, 231, 21, -155, 1)
 ,(925, 232, 2, 47, 3)
 ,(926, 232, 3, 9, 2)
 ,(927, 232, 5, -143, 1)
 ,(928, 232, 21, 87, 4)
 ,(929, 233, 1, -103, 1)
 ,(930, 233, 8, -38, 2)
 ,(931, 233, 15, 9, 3)
 ,(932, 233, 27, 132, 4)
 ,(933, 234, 9, -1, 2)
 ,(934, 234, 20, -41, 1)
 ,(935, 234, 4, 27, 4)
 ,(936, 234, 7, 15, 3)
 ,(937, 235, 13, 44, 3)
 ,(938, 235, 11, 222, 4)
 ,(939, 235, 3, -228, 1)
 ,(940, 235, 2, -38, 2)
 ,(941, 236, 11, 22, 3)
 ,(942, 236, 27, -53, 1)
 ,(943, 236, 15, 59, 4)
 ,(944, 236, 4, -28, 2)
 ,(945, 237, 9, 30, 3)
 ,(946, 237, 7, -44, 2)
 ,(947, 237, 8, 82, 4)
 ,(948, 237, 13, -128, 1)
 ,(949, 238, 20, -137, 1)
 ,(950, 238, 3, -33, 2)
 ,(951, 238, 2, 71, 3)
 ,(952, 238, 1, 99, 4)
 ,(953, 239, 15, 94, 4)
 ,(954, 239, 11, -55, 2)
 ,(955, 239, 1, 58, 3)
 ,(956, 239, 8, -97, 1)
 ,(957, 240, 7, 146, 4)
 ,(958, 240, 9, -34, 2)
 ,(959, 240, 2, -14, 3)
 ,(960, 240, 4, -98, 1)
 ,(961, 241, 3, -128, 1)
 ,(962, 241, 13, 208, 4)
 ,(963, 241, 27, 19, 3)
 ,(964, 241, 20, -99, 2)
 ,(965, 242, 15, 201, 4)
 ,(966, 242, 11, -50, 3)
 ,(967, 242, 7, -70, 2)
 ,(968, 242, 13, -81, 1)
 ,(969, 243, 2, -202, 1)
 ,(970, 243, 27, -23, 2)
 ,(971, 243, 9, 72, 3)
 ,(972, 243, 1, 153, 4)
 ,(973, 244, 3, 109, 3)
 ,(974, 244, 20, -129, 1)
 ,(975, 244, 4, 111, 4)
 ,(976, 244, 8, -91, 2)
 ,(977, 245, 6, 41, 3)
 ,(978, 245, 5, 150, 4)
 ,(979, 245, 14, -90, 2)
 ,(980, 245, 1, -101, 1)
 ,(981, 246, 23, -124, 2)
 ,(982, 246, 8, 369, 4)
 ,(983, 246, 15, -84, 3)
 ,(984, 246, 10, -161, 1)
 ,(985, 247, 7, -16, 2)
 ,(986, 247, 3, -3, 3)
 ,(987, 247, 4, -158, 1)
 ,(988, 247, 2, 177, 4)
 ,(989, 248, 5, -46, 2)
 ,(990, 248, 8, 5, 3)
 ,(991, 248, 2, 103, 4)
 ,(992, 248, 6, -62, 1)
 ,(993, 249, 15, 74, 3)
 ,(994, 249, 14, -203, 1)
 ,(995, 249, 23, 149, 4)
 ,(996, 249, 3, -20, 2)
 ,(997, 250, 4, -81, 2)
 ,(998, 250, 10, 138, 4)
 ,(999, 250, 7, -151, 1)
 ,(1000, 250, 1, 94, 3)
 ,(1001, 251, 10, 204, 4)
 ,(1002, 251, 2, 159, 3)
 ,(1003, 251, 8, -209, 1)
 ,(1004, 251, 23, -154, 2)
 ,(1005, 252, 5, -3, 2)
 ,(1006, 252, 3, -186, 1)
 ,(1007, 252, 15, 161, 4)
 ,(1008, 252, 1, 28, 3)
 ,(1009, 253, 14, -36, 3)
 ,(1010, 253, 6, -114, 1)
 ,(1011, 253, 7, -50, 2)
 ,(1012, 253, 4, 200, 4)
 ,(1013, 254, 8, -107, 1)
 ,(1014, 254, 15, 163, 4)
 ,(1015, 254, 10, -92, 2)
 ,(1016, 254, 2, 36, 3)
 ,(1017, 255, 23, 299, 4)
 ,(1018, 255, 4, -22, 2)
 ,(1019, 255, 1, -283, 1)
 ,(1020, 255, 5, 6, 3)
 ,(1021, 256, 3, -36, 2)
 ,(1022, 256, 7, 97, 4)
 ,(1023, 256, 6, 9, 3)
 ,(1024, 256, 14, -70, 1)
 ,(1025, 257, 3, -41, 2)
 ,(1026, 257, 6, -76, 1)
 ,(1027, 257, 2, -17, 3)
 ,(1028, 257, 7, 134, 4)
 ,(1029, 258, 3, 58, 4)
 ,(1030, 258, 2, -74, 1)
 ,(1031, 258, 6, 51, 3)
 ,(1032, 258, 7, -35, 2)
 ,(1033, 259, 6, 214, 4)
 ,(1034, 259, 3, -117, 1)
 ,(1035, 259, 2, -17, 3)
 ,(1036, 259, 7, -80, 2)
 ,(1037, 260, 3, -190, 1)
 ,(1038, 260, 6, -32, 3)
 ,(1039, 260, 7, -106, 2)
 ,(1040, 260, 2, 328, 4)
 ,(1041, 261, 28, -23, 3)
 ,(1042, 261, 2, -74, 2)
 ,(1043, 261, 3, -115, 1)
 ,(1044, 261, 1, 212, 4)
 ,(1045, 262, 2, 53, 3)
 ,(1046, 262, 3, 105, 4)
 ,(1047, 262, 1, -12, 2)
 ,(1048, 262, 28, -146, 1)
 ,(1049, 263, 3, -194, 1)
 ,(1050, 263, 1, -53, 2)
 ,(1051, 263, 2, 103, 3)
 ,(1052, 263, 28, 144, 4)
 ,(1053, 264, 3, 80, 4)
 ,(1054, 264, 2, 1, 2)
 ,(1055, 264, 1, 2, 3)
 ,(1056, 264, 28, -83, 1)
 ,(1057, 265, 15, -44, 2)
 ,(1058, 265, 5, 77, 3)
 ,(1059, 265, 2, -154, 1)
 ,(1060, 265, 21, 121, 4)
 ,(1061, 266, 6, 95, 4)
 ,(1062, 266, 4, 78, 3)
 ,(1063, 266, 1, -44, 2)
 ,(1064, 266, 3, -129, 1)
 ,(1065, 267, 21, 2, 3)
 ,(1066, 267, 6, -70, 1)
 ,(1067, 267, 4, 71, 4)
 ,(1068, 267, 5, -3, 2)
 ,(1069, 268, 2, -156, 1)
 ,(1070, 268, 15, 49, 3)
 ,(1071, 268, 3, 36, 2)
 ,(1072, 268, 1, 71, 4)
 ,(1073, 269, 4, -189, 1)
 ,(1074, 269, 1, 333, 4)
 ,(1075, 269, 15, -37, 3)
 ,(1076, 269, 21, -107, 2)
 ,(1077, 270, 2, 74, 3)
 ,(1078, 270, 5, 45, 2)
 ,(1079, 270, 6, 93, 4)
 ,(1080, 270, 3, -212, 1)
 ,(1081, 271, 6, -47, 2)
 ,(1082, 271, 1, -104, 1)
 ,(1083, 271, 2, 109, 4)
 ,(1084, 271, 15, 42, 3)
 ,(1085, 272, 3, 118, 4)
 ,(1086, 272, 4, -72, 1)
 ,(1087, 272, 21, -26, 2)
 ,(1088, 272, 5, -20, 3)
 ,(1089, 273, 15, 107, 3)
 ,(1090, 273, 2, -168, 1)
 ,(1091, 273, 6, -85, 2)
 ,(1092, 273, 23, 146, 4)
 ,(1093, 274, 10, -163, 2)
 ,(1094, 274, 28, 142, 3)
 ,(1095, 274, 3, 247, 4)
 ,(1096, 274, 1, -226, 1)
 ,(1097, 275, 28, -106, 2)
 ,(1098, 275, 15, -133, 1)
 ,(1099, 275, 3, 5, 3)
 ,(1100, 275, 23, 234, 4)
 ,(1101, 276, 1, 29, 3)
 ,(1102, 276, 6, -23, 2)
 ,(1103, 276, 10, 136, 4)
 ,(1104, 276, 2, -142, 1)
 ,(1105, 277, 1, -135, 2)
 ,(1106, 277, 10, 316, 4)
 ,(1107, 277, 3, -177, 1)
 ,(1108, 277, 23, -4, 3)
 ,(1109, 278, 28, 37, 3)
 ,(1110, 278, 2, -122, 1)
 ,(1111, 278, 6, 133, 4)
 ,(1112, 278, 15, -48, 2)
 ,(1113, 279, 6, 49, 3)
 ,(1114, 279, 10, 124, 4)
 ,(1115, 279, 23, -187, 1)
 ,(1116, 279, 28, 14, 2)
 ,(1117, 280, 1, -39, 2)
 ,(1118, 280, 2, -15, 3)
 ,(1119, 280, 3, -99, 1)
 ,(1120, 280, 15, 153, 4)
 ,(1121, 281, 15, -115, 1)
 ,(1122, 281, 1, 6, 3)
 ,(1123, 281, 21, 143, 4)
 ,(1124, 281, 19, -34, 2)
 ,(1125, 282, 5, 1, 3)
 ,(1126, 282, 2, -27, 2)
 ,(1127, 282, 23, 87, 4)
 ,(1128, 282, 8, -61, 1)
 ,(1129, 283, 4, -212, 1)
 ,(1130, 283, 7, 122, 3)
 ,(1131, 283, 9, -101, 2)
 ,(1132, 283, 6, 191, 4)
 ,(1133, 284, 23, -200, 2)
 ,(1134, 284, 1, -108, 3)
 ,(1135, 284, 21, -216, 1)
 ,(1136, 284, 6, 524, 4)
 ,(1137, 285, 19, -185, 1)
 ,(1138, 285, 2, 119, 4)
 ,(1139, 285, 5, -8, 2)
 ,(1140, 285, 7, 74, 3)
 ,(1141, 286, 8, -58, 1)
 ,(1142, 286, 9, 36, 3)
 ,(1143, 286, 4, 79, 4)
 ,(1144, 286, 15, -57, 2)
 ,(1145, 287, 1, 11, 3.5)
 ,(1146, 287, 4, 11, 3.5)
 ,(1147, 287, 2, -11, 1.5)
 ,(1148, 287, 6, -11, 1.5)
 ,(1149, 288, 23, 77, 4)
 ,(1150, 288, 9, -137, 1)
 ,(1151, 288, 7, -8, 2)
 ,(1152, 288, 5, 68, 3)
 ,(1153, 289, 8, -51, 1)
 ,(1154, 289, 15, 43, 3)
 ,(1155, 289, 19, -38, 2)
 ,(1156, 289, 21, 46, 4)
 ,(1157, 290, 21, -81, 1)
 ,(1158, 290, 1, 34, 3)
 ,(1159, 290, 23, -66, 2)
 ,(1160, 290, 4, 113, 4)
 ,(1161, 291, 7, -184, 1)
 ,(1162, 291, 5, 160, 3)
 ,(1163, 291, 15, 172, 4)
 ,(1164, 291, 6, -148, 2)
 ,(1165, 292, 19, -199, 1)
 ,(1166, 292, 9, 108, 4)
 ,(1167, 292, 8, 74, 3)
 ,(1168, 292, 2, 17, 2)
 ,(1169, 293, 21, 146, 3)
 ,(1170, 293, 1, -311, 1)
 ,(1171, 293, 3, -75, 2)
 ,(1172, 293, 24, 240, 4)
 ,(1173, 294, 4, -83, 1)
 ,(1174, 294, 2, 12, 3)
 ,(1175, 294, 28, 135, 4)
 ,(1176, 294, 18, -64, 2)
 ,(1177, 295, 21, 40, 3)
 ,(1178, 295, 2, 87, 4)
 ,(1179, 295, 28, -61, 2)
 ,(1180, 295, 24, -66, 1)
 ,(1181, 296, 3, -230, 1)
 ,(1182, 296, 18, 148, 4)
 ,(1183, 296, 4, 47, 3)
 ,(1184, 296, 1, 35, 2)
 ,(1185, 297, 2, -66, 2)
 ,(1186, 297, 4, 97, 3)
 ,(1187, 297, 21, -169, 1)
 ,(1188, 297, 18, 138, 4)
 ,(1189, 298, 24, -28, 2)
 ,(1190, 298, 28, 130, 4)
 ,(1191, 298, 1, -15, 3)
 ,(1192, 298, 3, -87, 1)
 ,(1193, 299, 28, -30, 2)
 ,(1194, 299, 18, -153, 1)
 ,(1195, 299, 4, 58, 3)
 ,(1196, 299, 1, 125, 4)
 ,(1197, 300, 2, 88, 4)
 ,(1198, 300, 3, 36, 3)
 ,(1199, 300, 24, -128, 1)
 ,(1200, 300, 21, 4, 2)
 ,(1201, 301, 10, -141, 1)
 ,(1202, 301, 1, 71, 4)
 ,(1203, 301, 5, 5, 2)
 ,(1204, 301, 3, 65, 3)
 ,(1205, 302, 2, -55, 1)
 ,(1206, 302, 29, -28, 2)
 ,(1207, 302, 8, 41, 3)
 ,(1208, 302, 4, 42, 4)
 ,(1209, 303, 15, -188, 1)
 ,(1210, 303, 21, 50, 3)
 ,(1211, 303, 22, 263, 4)
 ,(1212, 303, 25, -125, 2)
 ,(1213, 304, 5, -51, 1)
 ,(1214, 304, 29, -39, 2)
 ,(1215, 304, 21, 110, 4)
 ,(1216, 304, 3, -20, 3)
 ,(1217, 305, 4, -105, 1)
 ,(1218, 305, 22, 28, 3)
 ,(1219, 305, 8, 88, 4)
 ,(1220, 305, 1, -11, 2)
 ,(1221, 306, 25, -46, 2)
 ,(1222, 306, 10, -58, 1)
 ,(1223, 306, 15, 15, 3)
 ,(1224, 306, 2, 89, 4)
 ,(1225, 307, 8, 29, 3)
 ,(1226, 307, 22, 132, 4)
 ,(1227, 307, 2, -77, 2)
 ,(1228, 307, 21, -84, 1)
 ,(1229, 308, 1, 217, 4)
 ,(1230, 308, 3, -47, 2)
 ,(1231, 308, 29, -235, 1)
 ,(1232, 308, 15, 65, 3)
 ,(1233, 309, 4, 41, 4)
 ,(1234, 309, 5, -21, 2)
 ,(1235, 309, 10, -45, 1)
 ,(1236, 309, 25, 25, 3)
 ,(1237, 310, 8, -75, 2)
 ,(1238, 310, 1, -15, 3)
 ,(1239, 310, 22, 173, 4)
 ,(1240, 310, 4, -83, 1)
 ,(1241, 311, 25, -128, 1)
 ,(1242, 311, 2, 244, 4)
 ,(1243, 311, 15, -47, 3)
 ,(1244, 311, 3, -69, 2)
 ,(1245, 312, 29, -95, 2)
 ,(1246, 312, 21, -120, 1)
 ,(1247, 312, 10, 143, 4)
 ,(1248, 312, 5, 72, 3)
 ,(1249, 313, 2, 4, 2)
 ,(1250, 313, 23, -214, 1)
 ,(1251, 313, 10, 153, 4)
 ,(1252, 313, 21, 57, 3)
 ,(1253, 314, 30, 47, 4)
 ,(1254, 314, 1, 13, 3)
 ,(1255, 314, 4, -9, 2)
 ,(1256, 314, 31, -51, 1)
 ,(1257, 315, 1, 17, 3)
 ,(1258, 315, 30, -168, 1)
 ,(1259, 315, 10, 185, 4)
 ,(1260, 315, 21, -34, 2)
 ,(1261, 316, 4, 124, 4)
 ,(1262, 316, 2, 8, 3)
 ,(1263, 316, 23, -88, 1)
 ,(1264, 316, 31, -44, 2)
 ,(1265, 317, 2, -61, 2)
 ,(1266, 317, 10, -149, 1)
 ,(1267, 317, 1, 185, 4)
 ,(1268, 317, 4, 25, 3)
 ,(1269, 318, 31, 246, 4)
 ,(1270, 318, 21, 27, 3)
 ,(1271, 318, 23, -89, 2)
 ,(1272, 318, 30, -184, 1)
 ,(1273, 319, 31, 166, 4)
 ,(1274, 319, 1, -38, 2)
 ,(1275, 319, 21, -167, 1)
 ,(1276, 319, 4, 39, 3)
 ,(1277, 320, 30, 80, 4)
 ,(1278, 320, 23, -44, 2)
 ,(1279, 320, 2, -62, 1)
 ,(1280, 320, 10, 26, 3)
 ,(1281, 321, 2, -130, 2)
 ,(1282, 321, 1, 240, 4)
 ,(1283, 321, 25, 38, 3)
 ,(1284, 321, 29, -148, 1)
 ,(1285, 322, 15, 44, 3)
 ,(1286, 322, 19, -155, 1)
 ,(1287, 322, 6, -51, 2)
 ,(1288, 322, 3, 162, 4)
 ,(1289, 323, 3, 118, 4)
 ,(1290, 323, 15, -131, 1)
 ,(1291, 323, 25, 8, 3)
 ,(1292, 323, 1, 5, 2)
 ,(1293, 324, 19, -40, 2)
 ,(1294, 324, 29, 123, 4)
 ,(1295, 324, 2, 16, 3)
 ,(1296, 324, 6, -99, 1)
 ,(1297, 325, 25, 29, 3)
 ,(1298, 325, 29, -147, 1)
 ,(1299, 325, 2, -31, 2)
 ,(1300, 325, 3, 149, 4)
 ,(1301, 326, 1, 107, 3)
 ,(1302, 326, 19, -192, 1)
 ,(1303, 326, 6, 114, 4)
 ,(1304, 326, 15, -29, 2)
 ,(1305, 327, 3, -69, 2)
 ,(1306, 327, 6, 176, 4)
 ,(1307, 327, 1, -6, 3)
 ,(1308, 327, 25, -101, 1)
 ,(1309, 328, 2, -100, 2)
 ,(1310, 328, 19, 26, 3)
 ,(1311, 328, 15, -131, 1)
 ,(1312, 328, 29, 205, 4)
 ,(1313, 329, 25, -103, 2)
 ,(1314, 329, 6, 65, 3)
 ,(1315, 329, 30, -139, 1)
 ,(1316, 329, 3, 177, 4)
 ,(1317, 330, 8, 66, 3)
 ,(1318, 330, 11, -187, 1)
 ,(1319, 330, 2, 40, 2)
 ,(1320, 330, 4, 81, 4)
 ,(1321, 331, 24, -12, 3)
 ,(1322, 331, 5, -29, 2)
 ,(1323, 331, 10, -44, 1)
 ,(1324, 331, 28, 85, 4)
 ,(1325, 332, 6, 21, 3)
 ,(1326, 332, 4, -92, 1)
 ,(1327, 332, 3, 121, 4)
 ,(1328, 332, 28, -50, 2)
 ,(1329, 333, 2, -59, 1)
 ,(1330, 333, 8, 98, 4)
 ,(1331, 333, 24, -44, 2)
 ,(1332, 333, 25, 5, 3)
 ,(1333, 334, 5, -20, 3)
 ,(1334, 334, 11, -95, 2)
 ,(1335, 334, 30, -100, 1)
 ,(1336, 334, 10, 215, 4)
 ,(1337, 335, 8, 59, 4)
 ,(1338, 335, 3, -37, 1)
 ,(1339, 335, 6, -24, 2)
 ,(1340, 335, 10, 2, 3)
 ,(1341, 336, 24, 111, 4)
 ,(1342, 336, 5, 88, 3)
 ,(1343, 336, 25, -25, 2)
 ,(1344, 336, 28, -174, 1)
 ,(1345, 337, 2, -239, 1)
 ,(1346, 337, 11, 286, 4)
 ,(1347, 337, 30, 157, 3)
 ,(1348, 337, 4, -204, 2)
 ,(1349, 338, 24, 261, 4)
 ,(1350, 338, 8, 13, 3)
 ,(1351, 338, 10, -82, 2)
 ,(1352, 338, 11, -192, 1)
 ,(1353, 339, 30, -47, 2)
 ,(1354, 339, 25, 67, 3)
 ,(1355, 339, 6, 204, 4)
 ,(1356, 339, 5, -224, 1)
 ,(1357, 340, 2, -126, 1)
 ,(1358, 340, 4, 202, 4)
 ,(1359, 340, 28, -57, 2)
 ,(1360, 340, 3, -19, 3)
 ,(1361, 341, 7, 139, 4)
 ,(1362, 341, 30, 70, 3)
 ,(1363, 341, 1, -9, 2)
 ,(1364, 341, 3, -200, 1)
 ,(1365, 342, 13, 117, 4)
 ,(1366, 342, 15, 57, 3)
 ,(1367, 342, 5, -106, 1)
 ,(1368, 342, 18, -68, 2)
 ,(1369, 343, 7, -151, 2)
 ,(1370, 343, 30, -169, 1)
 ,(1371, 343, 13, 245, 4)
 ,(1372, 343, 15, 75, 3)
 ,(1373, 344, 18, 104, 4)
 ,(1374, 344, 5, 68, 3)
 ,(1375, 344, 3, -41, 2)
 ,(1376, 344, 1, -131, 1)
 ,(1377, 345, 18, 47, 3)
 ,(1378, 345, 15, -1, 2)
 ,(1379, 345, 5, -159, 1)
 ,(1380, 345, 13, 113, 4)
 ,(1381, 346, 7, 62, 3)
 ,(1382, 346, 30, -12, 2)
 ,(1383, 346, 3, -162, 1)
 ,(1384, 346, 1, 112, 4)
 ,(1385, 347, 7, -145, 1)
 ,(1386, 347, 13, -57, 2)
 ,(1387, 347, 1, 243, 4)
 ,(1388, 347, 18, -41, 3)
 ,(1389, 348, 15, 23, 2)
 ,(1390, 348, 30, -115, 1)
 ,(1391, 348, 5, 54, 4)
 ,(1392, 348, 3, 38, 3)
 ,(1393, 349, 7, -3, 3)
 ,(1394, 349, 6, -87, 1)
 ,(1395, 349, 2, 124, 4)
 ,(1396, 349, 4, -34, 2)
 ,(1397, 350, 21, -8, 2.5)
 ,(1398, 350, 28, -65, 1)
 ,(1399, 350, 22, -8, 2.5)
 ,(1400, 350, 15, 81, 4)
 ,(1401, 351, 7, 49, 4)
 ,(1402, 351, 22, 13, 3)
 ,(1403, 351, 2, -18, 2)
 ,(1404, 351, 15, -44, 1)
 ,(1405, 352, 6, 171, 4)
 ,(1406, 352, 28, -91, 2)
 ,(1407, 352, 21, 52, 3)
 ,(1408, 352, 4, -132, 1)
 ,(1409, 353, 6, 140, 4)
 ,(1410, 353, 7, -147, 1)
 ,(1411, 353, 21, 20, 3)
 ,(1412, 353, 22, -13, 2)
 ,(1413, 354, 4, -19, 2)
 ,(1414, 354, 2, 70, 4)
 ,(1415, 354, 28, 19, 3)
 ,(1416, 354, 15, -70, 1)
 ,(1417, 355, 6, -133, 1)
 ,(1418, 355, 2, -111, 2)
 ,(1419, 355, 28, -95, 3)
 ,(1420, 355, 21, 339, 4)
 ,(1421, 356, 22, 49, 3)
 ,(1422, 356, 4, 152, 4)
 ,(1423, 356, 15, 26, 2)
 ,(1424, 356, 7, -227, 1)
 ,(1425, 357, 2, 30, 2)
 ,(1426, 357, 28, -184, 1)
 ,(1427, 357, 3, 38, 3)
 ,(1428, 357, 4, 116, 4)
 ,(1429, 358, 3, 203, 4)
 ,(1430, 358, 28, 11, 3)
 ,(1431, 358, 2, -218, 1)
 ,(1432, 358, 4, 4, 2)
 ,(1433, 359, 2, -64, 2)
 ,(1434, 359, 3, 121, 4)
 ,(1435, 359, 4, -73, 1)
 ,(1436, 359, 28, 16, 3)
 ,(1437, 360, 3, 25, 3)
 ,(1438, 360, 4, -17, 2)
 ,(1439, 360, 2, 164, 4)
 ,(1440, 360, 28, -172, 1)
 ,(1441, 361, 7, -70, 1)
 ,(1442, 361, 4, 170, 4)
 ,(1443, 361, 21, -53, 2)
 ,(1444, 361, 6, -47, 3)
 ,(1445, 362, 30, -25, 2)
 ,(1446, 362, 2, -20, 3)
 ,(1447, 362, 29, 133, 4)
 ,(1448, 362, 3, -88, 1)
 ,(1449, 363, 29, 63, 3)
 ,(1450, 363, 4, 91, 4)
 ,(1451, 363, 6, -79, 1)
 ,(1452, 363, 2, -75, 2)
 ,(1453, 364, 30, -62, 2)
 ,(1454, 364, 7, 113, 3)
 ,(1455, 364, 21, -180, 1)
 ,(1456, 364, 3, 129, 4)
 ,(1457, 365, 29, 22, 3)
 ,(1458, 365, 3, 110, 4)
 ,(1459, 365, 4, -49, 2)
 ,(1460, 365, 7, -83, 1)
 ,(1461, 366, 30, -37, 2)
 ,(1462, 366, 2, -25, 3)
 ,(1463, 366, 21, -102, 1)
 ,(1464, 366, 6, 164, 4)
 ,(1465, 367, 4, 172, 4)
 ,(1466, 367, 6, -240, 1)
 ,(1467, 367, 3, 132, 3)
 ,(1468, 367, 29, -64, 2)
 ,(1469, 368, 21, -129, 2)
 ,(1470, 368, 30, -143, 1)
 ,(1471, 368, 2, 376, 4)
 ,(1472, 368, 7, -104, 3)
 ,(1473, 369, 10, 88, 4)
 ,(1474, 369, 29, 17, 3)
 ,(1475, 369, 2, 15, 2)
 ,(1476, 369, 4, -120, 1)
 ,(1477, 370, 16, 42, 3)
 ,(1478, 370, 11, -109, 2)
 ,(1479, 370, 7, -169, 1)
 ,(1480, 370, 3, 236, 4)
 ,(1481, 371, 29, -174, 1)
 ,(1482, 371, 10, 200, 4)
 ,(1483, 371, 3, 65, 3)
 ,(1484, 371, 16, -91, 2)
 ,(1485, 372, 11, -227, 1)
 ,(1486, 372, 4, -33, 2)
 ,(1487, 372, 7, 29, 3)
 ,(1488, 372, 2, 231, 4)
 ,(1489, 373, 10, -24, 2)
 ,(1490, 373, 3, 12, 3)
 ,(1491, 373, 2, -98, 1)
 ,(1492, 373, 7, 110, 4)
 ,(1493, 374, 29, 68, 4)
 ,(1494, 374, 4, -81, 1)
 ,(1495, 374, 16, 22, 3)
 ,(1496, 374, 11, -9, 2)
 ,(1497, 375, 10, 92, 3)
 ,(1498, 375, 7, -185, 1)
 ,(1499, 375, 16, 204, 4)
 ,(1500, 375, 3, -111, 2)
 ,(1501, 376, 4, 50, 4)
 ,(1502, 376, 11, 40, 3)
 ,(1503, 376, 29, 1, 2)
 ,(1504, 376, 2, -91, 1)

;

-- Update sequences to current max values
SELECT setval('tournaments_id_seq', (SELECT MAX(id) FROM tournaments));
SELECT setval('players_id_seq', (SELECT MAX(id) FROM players));
SELECT setval('sessions_id_seq', (SELECT MAX(id) FROM sessions));
SELECT setval('games_id_seq', (SELECT MAX(id) FROM games));
SELECT setval('game_player_results_id_seq', (SELECT MAX(id) FROM game_player_results));
